Workbook

Sheet Detalle de Costos Planificados
A1: Costos Planificados
A5: Código
A6: Meses | C6: Enero | D6: Febrero | E6: Marzo | F6: Abril | G6: Mayo | H6: Junio | I6: Julio | J6: Agosto | K6: Septiembre | L6: Octubre | M6: Noviembre | N6: Diciembre
A7: Entregable 1
A8: 1.1.1.1 | B8: estudio de proveedores realizo | E8: 1000000 | F8: 700000 | G8: 1200000
A9: 1.1.1.2 | B9: selección de proveedor contratada | H9: 600000 | I9: 600000
A10: 1.1.1.3
A18: Entregable 2
A19: 2.1.1.1 | B19: Paquete de trabajo
A20: 2.1.1.2
A31: Entregable 3
A32: 3.1.1.1 | B32: Paquete de trabajo
A47: Entregable 4
A48: 4.1.1.1 | B48: Paquete de trabajo
A54: Entregable 5
A55: 5.1.1.1 | B55: Paquete de trabajo
A62: Entregable 6
A63: 6.1.1.1 | B63: Paquete de trabajo
A70: Entregable 7
A71: 7.1.1.1 | B71: Paquete de trabajo
B82: TOTAL | C82: =SUM(C8:C81) -> 0 | D82: =SUM(D8:D81) -> 0 | E82: =SUM(E8:E81) -> 1000000 | F82: =SUM(F8:F81) -> 700000 | G82: =SUM(G8:G81) -> 1200000 | H82: =SUM(H8:H81) -> 600000 | I82: =SUM(I8:I81) -> 600000 | J82: =SUM(J8:J81) -> 0 | ... N82: =SUM(N8:N81) -> 0

Sheet Detalle de Costos Reales
A1: Costos Reales
A5: Código
A6: Meses | C6: Enero | D6: Febrero | E6: Marzo | F6: Abril | G6: Mayo | H6: Junio | I6: Julio | J6: Agosto | K6: Septiembre | L6: Octubre | M6: Noviembre | N6: Diciembre
B7: ENTREGABLE 1
A8: 1.1.1.1 | B8: estudio de proveedores realizo | E8: 1000000 | F8: 950000 | G8: 1250000
A9: 1.1.1.2 | B9: selección de proveedor contratada | H9: 450000 | I9: 600000
A10: 1.1.1.3
B12: ENTREGABLE 2
A13: 2.1.1.1 | B13: Paquete de trabajo
A14: 2.1.1.2
A15: 2.1.1.3
B17: ENTREGABLE 3
A18: 3.1.1.1 | B18: Paquete de trabajo
A19: 3.1.1.2
A20: 3.1.1.3
B22: ENTREGABLE 4
A23: 4.1.1.1 | B23: Paquete de trabajo
A24: 4.1.1.2
A25: 4.1.1.3
B27: ENTREGABLE 5
A28: 5.1.1.1 | B28: Paquete de trabajo
A29: 5.1.1.2
B32: ENTREGABLE 6
A33: 6.1.1.1 | B33: Paquete de trabajo
A34: 6.1.1.2
B82: TOTAL | C82: =SUM(C8:C81) -> 0 | D82: =SUM(D8:D81) -> 0 | E82: =SUM(E8:E81) -> 1000000 | F82: =SUM(F8:F81) -> 950000 | G82: =SUM(G8:G81) -> 1250000 | H82: =SUM(H8:H81) -> 450000 | I82: =SUM(I8:I81) -> 600000 | J82: =SUM(J8:J81) -> 0 | ... N82: =SUM(N8:N81) -> 0

Sheet Curva S
B2: Curva S
C5: Proyecto:
C6: ID:
C7: Fecha de Inicio | F7: Fecha Fin: | K7: Fecha de Corte:
D9: Mes
D10: Ene | E10: Feb | F10: Mar | G10: Abr | H10: May | I10: Jun | J10: Jul | K10: Ago | L10: Sep | M10: Oct | N10: Nov | O10: Dic
C11: Valor Planificado | D11: ='Detalle de Costos Planificados'!C82 -> 0 | E11: ='Detalle de Costos Planificados'!D82 -> 0 | F11: ='Detalle de Costos Planificados'!E82 -> 1000000 | G11: ='Detalle de Costos Planificados'!F82 -> 700000 | H11: ='Detalle de Costos Planificados'!G82 -> 1200000 | I11: ='Detalle de Costos Planificados'!H82 -> 600000 | J11: ='Detalle de Costos Planificados'!I82 -> 600000 | K11: ='Detalle de Costos Planificados'!J82 -> 0 | ... O11: ='Detalle de Costos Planificados'!N82 -> 0
C12: Valor Planificado Acumulado | D12: =D11 -> 0 | E12: =E11+D12 -> 0 | F12: =F11+E12 -> 1000000 | G12: =G11+F12 -> 1700000 | H12: =H11+G12 -> 2900000 | I12: =I11+H12 -> 3500000 | J12: =J11+I12 -> 4100000 | K12: =K11+J12 -> 4100000 | L12: =L11+K12 -> 4100000 | ... O12: =O11+N12 -> 4100000
C13: Costo Real | D13: ='Detalle de Costos Reales'!C82 -> 0 | E13: ='Detalle de Costos Reales'!D82 -> 0 | F13: ='Detalle de Costos Reales'!E82 -> 1000000 | G13: ='Detalle de Costos Reales'!F82 -> 950000 | H13: ='Detalle de Costos Reales'!G82 -> 1250000 | I13: ='Detalle de Costos Reales'!H82 -> 450000 | J13: ='Detalle de Costos Reales'!I82 -> 600000 | K13: ='Detalle de Costos Reales'!J82 -> 0 | ... O13: ='Detalle de Costos Reales'!N82 -> 0
C14: Costo Real Acumulado | D14: =D13 -> 0 | E14: =D14+E13 -> 0 | F14: =E14+F13 -> 1000000 | G14: =F14+G13 -> 1950000 | H14: =G14+H13 -> 3200000 | I14: =H14+I13 -> 3650000 | J14: =I14+J13 -> 4250000 | K14: =J14+K13 -> 4250000 | L14: =K14+L13 -> 4250000 | ... O14: =N14+O13 -> 4250000
